<?xml version="1.0" encoding="UTF-8"?>
<metadata xml:lang="de"><Esri><CreaDate>20160512</CreaDate><CreaTime>11412200</CreaTime><ArcGISFormat>1.0</ArcGISFormat><ArcGISstyle>FGDC CSDGM Metadata</ArcGISstyle><SyncOnce>FALSE</SyncOnce><DataProperties><itemProps><itemName Sync="TRUE">Geometrie_Wahlkreise_19DBT_VG250_geo</itemName><imsContentType Sync="TRUE">002</imsContentType><itemLocation><linkage Sync="TRUE">file://\\SV-GIS-01\D$\GIS_IT\Wahlen\Bundestagswahl2017\Wahlkreiskartenplot\Ausgaben\shp_geo\Geometrie_Wahlkreise_19DBT_VG250_geo.shp</linkage><protocol Sync="TRUE">Local Area Network</protocol></itemLocation><itemSize Sync="TRUE">7.374</itemSize><nativeExtBox><westBL Sync="TRUE">5.866250</westBL><eastBL Sync="TRUE">15.041816</eastBL><southBL Sync="TRUE">47.270124</southBL><northBL Sync="TRUE">55.058384</northBL><exTypeCode Sync="TRUE">1</exTypeCode></nativeExtBox></itemProps><coordRef><type Sync="TRUE">Geographic</type><geogcsn Sync="TRUE">GCS_WGS_1984</geogcsn><csUnits Sync="TRUE">Angular Unit: Degree (0.017453)</csUnits><peXml Sync="TRUE">&lt;GeographicCoordinateSystem xsi:type='typens:GeographicCoordinateSystem' xmlns:xsi='http://www.w3.org/2001/XMLSchema-instance' xmlns:xs='http://www.w3.org/2001/XMLSchema' xmlns:typens='http://www.esri.com/schemas/ArcGIS/10.1'&gt;&lt;WKT&gt;GEOGCS[&amp;quot;GCS_WGS_1984&amp;quot;,DATUM[&amp;quot;D_WGS_1984&amp;quot;,SPHEROID[&amp;quot;WGS_1984&amp;quot;,6378137.0,298.257223563]],PRIMEM[&amp;quot;Greenwich&amp;quot;,0.0],UNIT[&amp;quot;Degree&amp;quot;,0.0174532925199433],AUTHORITY[&amp;quot;EPSG&amp;quot;,4326]]&lt;/WKT&gt;&lt;XOrigin&gt;-400&lt;/XOrigin&gt;&lt;YOrigin&gt;-400&lt;/YOrigin&gt;&lt;XYScale&gt;11258999068426.238&lt;/XYScale&gt;&lt;ZOrigin&gt;-100000&lt;/ZOrigin&gt;&lt;ZScale&gt;10000&lt;/ZScale&gt;&lt;MOrigin&gt;-100000&lt;/MOrigin&gt;&lt;MScale&gt;10000&lt;/MScale&gt;&lt;XYTolerance&gt;8.983152841195215e-009&lt;/XYTolerance&gt;&lt;ZTolerance&gt;0.001&lt;/ZTolerance&gt;&lt;MTolerance&gt;0.001&lt;/MTolerance&gt;&lt;HighPrecision&gt;true&lt;/HighPrecision&gt;&lt;LeftLongitude&gt;-180&lt;/LeftLongitude&gt;&lt;WKID&gt;4326&lt;/WKID&gt;&lt;LatestWKID&gt;4326&lt;/LatestWKID&gt;&lt;/GeographicCoordinateSystem&gt;</peXml></coordRef><lineage><Process ToolSource="c:\program files (x86)\arcgis\desktop10.1\ArcToolbox\Toolboxes\Data Management Tools.tbx\CopyFeatures" Date="20150723" Time="070621">CopyFeatures D:\GIS_IT\Temp\BKG_Download\Verwaltungsgebiete_vg\vg250_0101.utm32s.shape.ebenen\vg250_ebenen\VG250_GEM.shp D:\GIS_IT\Temp\BKG_Download\Verwaltungsgebiete_vg\Stichtag20150101\Verwaltungsgebiete_250.gdb\ETRS89_UTM32s\VG250_GEM # 0 0 0</Process><Process ToolSource="c:\program files (x86)\arcgis\desktop10.1\ArcToolbox\Toolboxes\Data Management Tools.tbx\Dissolve" Date="20160318" Time="074723">Dissolve D:\Geodaten\Geometrien\Vermessungsverwaltung\Verwaltungsgebiete\Stichtag_20150101\Verwaltungsgebiete_250.gdb\ETRS89_UTM32s\vg250_gemeinden D:\GIS_IT\Wahlen\WEGIS5\WEGIS5Allgemein\GeodatenVorbereitung\Stichtag20160229Gesetz_vg250_20150101.gdb\GeltendesRecht\Basiskarte_1 AGS "GEN FIRST;BEZ FIRST" MULTI_PART DISSOLVE_LINES</Process><Process ToolSource="c:\program files (x86)\arcgis\desktop10.1\ArcToolbox\Toolboxes\Data Management Tools.tbx\CalculateField" Date="20160318" Time="090340">CalculateField "Basiskarte_1 Neu 20160229Gesetz" AGS "!AGS![:-3] + '444'" PYTHON_9.3 #</Process><Process ToolSource="c:\program files (x86)\arcgis\desktop10.1\ArcToolbox\Toolboxes\Data Management Tools.tbx\Dissolve" Date="20160318" Time="090604">Dissolve D:\GIS_IT\Wahlen\WEGIS5\WEGIS5Allgemein\GeodatenVorbereitung\Stichtag20160229Gesetz_vg250_20150101.gdb\GeltendesRecht\Basiskarte_1 D:\GIS_IT\Wahlen\WEGIS5\WEGIS5Allgemein\GeodatenVorbereitung\Stichtag20160229Gesetz_vg250_20150101.gdb\GeltendesRecht\Basiskarte_2 AGS "FIRST_GEN FIRST;FIRST_BEZ FIRST" MULTI_PART DISSOLVE_LINES</Process><Process ToolSource="c:\program files (x86)\arcgis\desktop10.1\ArcToolbox\Toolboxes\Data Management Tools.tbx\AddField" Date="20160318" Time="114428">AddField D:\GIS_IT\Wahlen\WEGIS5\WEGIS5Allgemein\GeodatenVorbereitung\Stichtag20160229Gesetz_vg250_20150101.gdb\GeltendesRecht\Basiskarte_2 Egem_index TEXT # # 10 # NULLABLE NON_REQUIRED #</Process><Process ToolSource="c:\program files (x86)\arcgis\desktop10.1\ArcToolbox\Toolboxes\Data Management Tools.tbx\AddField" Date="20160318" Time="114428">AddField D:\GIS_IT\Wahlen\WEGIS5\WEGIS5Allgemein\GeodatenVorbereitung\Stichtag20160229Gesetz_vg250_20150101.gdb\GeltendesRecht\Basiskarte_2 Land_Nr TEXT # # 2 # NULLABLE NON_REQUIRED #</Process><Process ToolSource="c:\program files (x86)\arcgis\desktop10.1\ArcToolbox\Toolboxes\Data Management Tools.tbx\AddField" Date="20160318" Time="114429">AddField D:\GIS_IT\Wahlen\WEGIS5\WEGIS5Allgemein\GeodatenVorbereitung\Stichtag20160229Gesetz_vg250_20150101.gdb\GeltendesRecht\Basiskarte_2 Gem_Nr TEXT # # 3 # NULLABLE NON_REQUIRED #</Process><Process ToolSource="c:\program files (x86)\arcgis\desktop10.1\ArcToolbox\Toolboxes\Data Management Tools.tbx\AddField" Date="20160318" Time="114429">AddField D:\GIS_IT\Wahlen\WEGIS5\WEGIS5Allgemein\GeodatenVorbereitung\Stichtag20160229Gesetz_vg250_20150101.gdb\GeltendesRecht\Basiskarte_2 Gvb_Nr TEXT # # 4 # NULLABLE NON_REQUIRED #</Process><Process ToolSource="c:\program files (x86)\arcgis\desktop10.1\ArcToolbox\Toolboxes\Data Management Tools.tbx\AddField" Date="20160318" Time="114430">AddField D:\GIS_IT\Wahlen\WEGIS5\WEGIS5Allgemein\GeodatenVorbereitung\Stichtag20160229Gesetz_vg250_20150101.gdb\GeltendesRecht\Basiskarte_2 Gem_index TEXT # # 8 # NULLABLE NON_REQUIRED #</Process><Process ToolSource="c:\program files (x86)\arcgis\desktop10.1\ArcToolbox\Toolboxes\Data Management Tools.tbx\AddField" Date="20160318" Time="114430">AddField D:\GIS_IT\Wahlen\WEGIS5\WEGIS5Allgemein\GeodatenVorbereitung\Stichtag20160229Gesetz_vg250_20150101.gdb\GeltendesRecht\Basiskarte_2 Gem_name TEXT # # 255 # NULLABLE NON_REQUIRED #</Process><Process ToolSource="c:\program files (x86)\arcgis\desktop10.1\ArcToolbox\Toolboxes\Data Management Tools.tbx\AddField" Date="20160318" Time="114431">AddField D:\GIS_IT\Wahlen\WEGIS5\WEGIS5Allgemein\GeodatenVorbereitung\Stichtag20160229Gesetz_vg250_20150101.gdb\GeltendesRecht\Basiskarte_2 Bev DOUBLE # # # Bevölkerung NULLABLE NON_REQUIRED #</Process><Process ToolSource="c:\program files (x86)\arcgis\desktop10.1\ArcToolbox\Toolboxes\Data Management Tools.tbx\AddField" Date="20160318" Time="114431">AddField D:\GIS_IT\Wahlen\WEGIS5\WEGIS5Allgemein\GeodatenVorbereitung\Stichtag20160229Gesetz_vg250_20150101.gdb\GeltendesRecht\Basiskarte_2 BevWber DOUBLE # # # WahlBer NULLABLE NON_REQUIRED #</Process><Process ToolSource="c:\program files (x86)\arcgis\desktop10.1\ArcToolbox\Toolboxes\Data Management Tools.tbx\AddField" Date="20160318" Time="114432">AddField D:\GIS_IT\Wahlen\WEGIS5\WEGIS5Allgemein\GeodatenVorbereitung\Stichtag20160229Gesetz_vg250_20150101.gdb\GeltendesRecht\Basiskarte_2 wkr DOUBLE # # # # NULLABLE NON_REQUIRED #</Process><Process ToolSource="c:\program files (x86)\arcgis\desktop10.1\ArcToolbox\Toolboxes\Data Management Tools.tbx\AddField" Date="20160318" Time="114433">AddField D:\GIS_IT\Wahlen\WEGIS5\WEGIS5Allgemein\GeodatenVorbereitung\Stichtag20160229Gesetz_vg250_20150101.gdb\GeltendesRecht\Basiskarte_2 wkr_neu DOUBLE # # # WahlkreisNr NULLABLE NON_REQUIRED #</Process><Process ToolSource="c:\program files (x86)\arcgis\desktop10.1\ArcToolbox\Toolboxes\Data Management Tools.tbx\AddField" Date="20160318" Time="114434">AddField D:\GIS_IT\Wahlen\WEGIS5\WEGIS5Allgemein\GeodatenVorbereitung\Stichtag20160229Gesetz_vg250_20150101.gdb\GeltendesRecht\Basiskarte_2 wkr_name TEXT # # 255 WahlkreisName NULLABLE NON_REQUIRED #</Process><Process ToolSource="c:\program files (x86)\arcgis\desktop10.1\ArcToolbox\Toolboxes\Data Management Tools.tbx\AddField" Date="20160318" Time="114434">AddField D:\GIS_IT\Wahlen\WEGIS5\WEGIS5Allgemein\GeodatenVorbereitung\Stichtag20160229Gesetz_vg250_20150101.gdb\GeltendesRecht\Basiskarte_2 Regbez_index TEXT # # 3 # NULLABLE NON_REQUIRED #</Process><Process ToolSource="c:\program files (x86)\arcgis\desktop10.1\ArcToolbox\Toolboxes\Data Management Tools.tbx\AddField" Date="20160318" Time="114435">AddField D:\GIS_IT\Wahlen\WEGIS5\WEGIS5Allgemein\GeodatenVorbereitung\Stichtag20160229Gesetz_vg250_20150101.gdb\GeltendesRecht\Basiskarte_2 Krs_index TEXT # # 5 # NULLABLE NON_REQUIRED #</Process><Process ToolSource="c:\program files (x86)\arcgis\desktop10.1\ArcToolbox\Toolboxes\Data Management Tools.tbx\AddField" Date="20160318" Time="114435">AddField D:\GIS_IT\Wahlen\WEGIS5\WEGIS5Allgemein\GeodatenVorbereitung\Stichtag20160229Gesetz_vg250_20150101.gdb\GeltendesRecht\Basiskarte_2 Gvb_index TEXT # # 9 # NULLABLE NON_REQUIRED #</Process><Process ToolSource="c:\program files (x86)\arcgis\desktop10.1\ArcToolbox\Toolboxes\Data Management Tools.tbx\AddField" Date="20160318" Time="114436">AddField D:\GIS_IT\Wahlen\WEGIS5\WEGIS5Allgemein\GeodatenVorbereitung\Stichtag20160229Gesetz_vg250_20150101.gdb\GeltendesRecht\Basiskarte_2 TeilNr TEXT # # 2 # NULLABLE NON_REQUIRED #</Process><Process ToolSource="c:\program files (x86)\arcgis\desktop10.1\ArcToolbox\Toolboxes\Data Management Tools.tbx\AddField" Date="20160318" Time="114436">AddField D:\GIS_IT\Wahlen\WEGIS5\WEGIS5Allgemein\GeodatenVorbereitung\Stichtag20160229Gesetz_vg250_20150101.gdb\GeltendesRecht\Basiskarte_2 gemTyp TEXT # # 15 # NULLABLE NON_REQUIRED #</Process><Process ToolSource="c:\program files (x86)\arcgis\desktop10.1\ArcToolbox\Toolboxes\Data Management Tools.tbx\AddField" Date="20160318" Time="114437">AddField D:\GIS_IT\Wahlen\WEGIS5\WEGIS5Allgemein\GeodatenVorbereitung\Stichtag20160229Gesetz_vg250_20150101.gdb\GeltendesRecht\Basiskarte_2 wber_1 DOUBLE # # # WahlBer_Erst NULLABLE NON_REQUIRED #</Process><Process ToolSource="c:\program files (x86)\arcgis\desktop10.1\ArcToolbox\Toolboxes\Data Management Tools.tbx\AddField" Date="20160318" Time="114438">AddField D:\GIS_IT\Wahlen\WEGIS5\WEGIS5Allgemein\GeodatenVorbereitung\Stichtag20160229Gesetz_vg250_20150101.gdb\GeltendesRecht\Basiskarte_2 glt_1 DOUBLE # # # GltSt_Erst NULLABLE NON_REQUIRED #</Process><Process ToolSource="c:\program files (x86)\arcgis\desktop10.1\ArcToolbox\Toolboxes\Data Management Tools.tbx\AddField" Date="20160318" Time="114439">AddField D:\GIS_IT\Wahlen\WEGIS5\WEGIS5Allgemein\GeodatenVorbereitung\Stichtag20160229Gesetz_vg250_20150101.gdb\GeltendesRecht\Basiskarte_2 SPD_a_1 DOUBLE # # # # NULLABLE NON_REQUIRED #</Process><Process ToolSource="c:\program files (x86)\arcgis\desktop10.1\ArcToolbox\Toolboxes\Data Management Tools.tbx\AddField" Date="20160318" Time="114439">AddField D:\GIS_IT\Wahlen\WEGIS5\WEGIS5Allgemein\GeodatenVorbereitung\Stichtag20160229Gesetz_vg250_20150101.gdb\GeltendesRecht\Basiskarte_2 SPD_1 DOUBLE # # # SPD_Erst NULLABLE NON_REQUIRED #</Process><Process ToolSource="c:\program files (x86)\arcgis\desktop10.1\ArcToolbox\Toolboxes\Data Management Tools.tbx\AddField" Date="20160318" Time="114440">AddField D:\GIS_IT\Wahlen\WEGIS5\WEGIS5Allgemein\GeodatenVorbereitung\Stichtag20160229Gesetz_vg250_20150101.gdb\GeltendesRecht\Basiskarte_2 CDU_a_1 DOUBLE # # # # NULLABLE NON_REQUIRED #</Process><Process ToolSource="c:\program files (x86)\arcgis\desktop10.1\ArcToolbox\Toolboxes\Data Management Tools.tbx\AddField" Date="20160318" Time="114441">AddField D:\GIS_IT\Wahlen\WEGIS5\WEGIS5Allgemein\GeodatenVorbereitung\Stichtag20160229Gesetz_vg250_20150101.gdb\GeltendesRecht\Basiskarte_2 CDU_1 DOUBLE # # # CDU_Erst NULLABLE NON_REQUIRED #</Process><Process ToolSource="c:\program files (x86)\arcgis\desktop10.1\ArcToolbox\Toolboxes\Data Management Tools.tbx\AddField" Date="20160318" Time="114441">AddField D:\GIS_IT\Wahlen\WEGIS5\WEGIS5Allgemein\GeodatenVorbereitung\Stichtag20160229Gesetz_vg250_20150101.gdb\GeltendesRecht\Basiskarte_2 FDP_a_1 DOUBLE # # # # NULLABLE NON_REQUIRED #</Process><Process ToolSource="c:\program files (x86)\arcgis\desktop10.1\ArcToolbox\Toolboxes\Data Management Tools.tbx\AddField" Date="20160318" Time="114442">AddField D:\GIS_IT\Wahlen\WEGIS5\WEGIS5Allgemein\GeodatenVorbereitung\Stichtag20160229Gesetz_vg250_20150101.gdb\GeltendesRecht\Basiskarte_2 FDP_1 DOUBLE # # # FDP_Erst NULLABLE NON_REQUIRED #</Process><Process ToolSource="c:\program files (x86)\arcgis\desktop10.1\ArcToolbox\Toolboxes\Data Management Tools.tbx\AddField" Date="20160318" Time="114442">AddField D:\GIS_IT\Wahlen\WEGIS5\WEGIS5Allgemein\GeodatenVorbereitung\Stichtag20160229Gesetz_vg250_20150101.gdb\GeltendesRecht\Basiskarte_2 DieLinke_a_1 DOUBLE # # # # NULLABLE NON_REQUIRED #</Process><Process ToolSource="c:\program files (x86)\arcgis\desktop10.1\ArcToolbox\Toolboxes\Data Management Tools.tbx\AddField" Date="20160318" Time="114443">AddField D:\GIS_IT\Wahlen\WEGIS5\WEGIS5Allgemein\GeodatenVorbereitung\Stichtag20160229Gesetz_vg250_20150101.gdb\GeltendesRecht\Basiskarte_2 DieLinke_1 DOUBLE # # # DieLinke_Erst NULLABLE NON_REQUIRED #</Process><Process ToolSource="c:\program files (x86)\arcgis\desktop10.1\ArcToolbox\Toolboxes\Data Management Tools.tbx\AddField" Date="20160318" Time="114444">AddField D:\GIS_IT\Wahlen\WEGIS5\WEGIS5Allgemein\GeodatenVorbereitung\Stichtag20160229Gesetz_vg250_20150101.gdb\GeltendesRecht\Basiskarte_2 GRÜNE_a_1 DOUBLE # # # # NULLABLE NON_REQUIRED #</Process><Process ToolSource="c:\program files (x86)\arcgis\desktop10.1\ArcToolbox\Toolboxes\Data Management Tools.tbx\AddField" Date="20160318" Time="114444">AddField D:\GIS_IT\Wahlen\WEGIS5\WEGIS5Allgemein\GeodatenVorbereitung\Stichtag20160229Gesetz_vg250_20150101.gdb\GeltendesRecht\Basiskarte_2 GRÜNE_1 DOUBLE # # # GRÜNE_Erst NULLABLE NON_REQUIRED #</Process><Process ToolSource="c:\program files (x86)\arcgis\desktop10.1\ArcToolbox\Toolboxes\Data Management Tools.tbx\AddField" Date="20160318" Time="114445">AddField D:\GIS_IT\Wahlen\WEGIS5\WEGIS5Allgemein\GeodatenVorbereitung\Stichtag20160229Gesetz_vg250_20150101.gdb\GeltendesRecht\Basiskarte_2 CSU_a_1 DOUBLE # # # # NULLABLE NON_REQUIRED #</Process><Process ToolSource="c:\program files (x86)\arcgis\desktop10.1\ArcToolbox\Toolboxes\Data Management Tools.tbx\AddField" Date="20160318" Time="114445">AddField D:\GIS_IT\Wahlen\WEGIS5\WEGIS5Allgemein\GeodatenVorbereitung\Stichtag20160229Gesetz_vg250_20150101.gdb\GeltendesRecht\Basiskarte_2 CSU_1 DOUBLE # # # CSU_Erst NULLABLE NON_REQUIRED #</Process><Process ToolSource="c:\program files (x86)\arcgis\desktop10.1\ArcToolbox\Toolboxes\Data Management Tools.tbx\AddField" Date="20160318" Time="114446">AddField D:\GIS_IT\Wahlen\WEGIS5\WEGIS5Allgemein\GeodatenVorbereitung\Stichtag20160229Gesetz_vg250_20150101.gdb\GeltendesRecht\Basiskarte_2 Sonst_a_1 DOUBLE # # # # NULLABLE NON_REQUIRED #</Process><Process ToolSource="c:\program files (x86)\arcgis\desktop10.1\ArcToolbox\Toolboxes\Data Management Tools.tbx\AddField" Date="20160318" Time="114447">AddField D:\GIS_IT\Wahlen\WEGIS5\WEGIS5Allgemein\GeodatenVorbereitung\Stichtag20160229Gesetz_vg250_20150101.gdb\GeltendesRecht\Basiskarte_2 Sonst_1 DOUBLE # # # Sonst_Erst NULLABLE NON_REQUIRED #</Process><Process ToolSource="c:\program files (x86)\arcgis\desktop10.1\ArcToolbox\Toolboxes\Data Management Tools.tbx\AddField" Date="20160318" Time="114447">AddField D:\GIS_IT\Wahlen\WEGIS5\WEGIS5Allgemein\GeodatenVorbereitung\Stichtag20160229Gesetz_vg250_20150101.gdb\GeltendesRecht\Basiskarte_2 WaSi_1 TEXT # # 8 WaSi_Erst NULLABLE NON_REQUIRED #</Process><Process ToolSource="c:\program files (x86)\arcgis\desktop10.1\ArcToolbox\Toolboxes\Data Management Tools.tbx\AddField" Date="20160318" Time="114447">AddField D:\GIS_IT\Wahlen\WEGIS5\WEGIS5Allgemein\GeodatenVorbereitung\Stichtag20160229Gesetz_vg250_20150101.gdb\GeltendesRecht\Basiskarte_2 wber_2 DOUBLE # # # WahlBer_Zweit NULLABLE NON_REQUIRED #</Process><Process ToolSource="c:\program files (x86)\arcgis\desktop10.1\ArcToolbox\Toolboxes\Data Management Tools.tbx\AddField" Date="20160318" Time="114448">AddField D:\GIS_IT\Wahlen\WEGIS5\WEGIS5Allgemein\GeodatenVorbereitung\Stichtag20160229Gesetz_vg250_20150101.gdb\GeltendesRecht\Basiskarte_2 glt_2 DOUBLE # # # GltSt_Zweit NULLABLE NON_REQUIRED #</Process><Process ToolSource="c:\program files (x86)\arcgis\desktop10.1\ArcToolbox\Toolboxes\Data Management Tools.tbx\AddField" Date="20160318" Time="114448">AddField D:\GIS_IT\Wahlen\WEGIS5\WEGIS5Allgemein\GeodatenVorbereitung\Stichtag20160229Gesetz_vg250_20150101.gdb\GeltendesRecht\Basiskarte_2 SPD_a_2 DOUBLE # # # # NULLABLE NON_REQUIRED #</Process><Process ToolSource="c:\program files (x86)\arcgis\desktop10.1\ArcToolbox\Toolboxes\Data Management Tools.tbx\AddField" Date="20160318" Time="114449">AddField D:\GIS_IT\Wahlen\WEGIS5\WEGIS5Allgemein\GeodatenVorbereitung\Stichtag20160229Gesetz_vg250_20150101.gdb\GeltendesRecht\Basiskarte_2 SPD_2 DOUBLE # # # SPD_Zweit NULLABLE NON_REQUIRED #</Process><Process ToolSource="c:\program files (x86)\arcgis\desktop10.1\ArcToolbox\Toolboxes\Data Management Tools.tbx\AddField" Date="20160318" Time="114450">AddField D:\GIS_IT\Wahlen\WEGIS5\WEGIS5Allgemein\GeodatenVorbereitung\Stichtag20160229Gesetz_vg250_20150101.gdb\GeltendesRecht\Basiskarte_2 CDU_a_2 DOUBLE # # # # NULLABLE NON_REQUIRED #</Process><Process ToolSource="c:\program files (x86)\arcgis\desktop10.1\ArcToolbox\Toolboxes\Data Management Tools.tbx\AddField" Date="20160318" Time="114450">AddField D:\GIS_IT\Wahlen\WEGIS5\WEGIS5Allgemein\GeodatenVorbereitung\Stichtag20160229Gesetz_vg250_20150101.gdb\GeltendesRecht\Basiskarte_2 CDU_2 DOUBLE # # # CDU_Zweit NULLABLE NON_REQUIRED #</Process><Process ToolSource="c:\program files (x86)\arcgis\desktop10.1\ArcToolbox\Toolboxes\Data Management Tools.tbx\AddField" Date="20160318" Time="114451">AddField D:\GIS_IT\Wahlen\WEGIS5\WEGIS5Allgemein\GeodatenVorbereitung\Stichtag20160229Gesetz_vg250_20150101.gdb\GeltendesRecht\Basiskarte_2 FDP_a_2 DOUBLE # # # # NULLABLE NON_REQUIRED #</Process><Process ToolSource="c:\program files (x86)\arcgis\desktop10.1\ArcToolbox\Toolboxes\Data Management Tools.tbx\AddField" Date="20160318" Time="114451">AddField D:\GIS_IT\Wahlen\WEGIS5\WEGIS5Allgemein\GeodatenVorbereitung\Stichtag20160229Gesetz_vg250_20150101.gdb\GeltendesRecht\Basiskarte_2 FDP_2 DOUBLE # # # FDP_Zweit NULLABLE NON_REQUIRED #</Process><Process ToolSource="c:\program files (x86)\arcgis\desktop10.1\ArcToolbox\Toolboxes\Data Management Tools.tbx\AddField" Date="20160318" Time="114452">AddField D:\GIS_IT\Wahlen\WEGIS5\WEGIS5Allgemein\GeodatenVorbereitung\Stichtag20160229Gesetz_vg250_20150101.gdb\GeltendesRecht\Basiskarte_2 DieLinke_a_2 DOUBLE # # # # NULLABLE NON_REQUIRED #</Process><Process ToolSource="c:\program files (x86)\arcgis\desktop10.1\ArcToolbox\Toolboxes\Data Management Tools.tbx\AddField" Date="20160318" Time="114453">AddField D:\GIS_IT\Wahlen\WEGIS5\WEGIS5Allgemein\GeodatenVorbereitung\Stichtag20160229Gesetz_vg250_20150101.gdb\GeltendesRecht\Basiskarte_2 DieLinke_2 DOUBLE # # # DieLinke_Zweit NULLABLE NON_REQUIRED #</Process><Process ToolSource="c:\program files (x86)\arcgis\desktop10.1\ArcToolbox\Toolboxes\Data Management Tools.tbx\AddField" Date="20160318" Time="114453">AddField D:\GIS_IT\Wahlen\WEGIS5\WEGIS5Allgemein\GeodatenVorbereitung\Stichtag20160229Gesetz_vg250_20150101.gdb\GeltendesRecht\Basiskarte_2 GRÜNE_a_2 DOUBLE # # # # NULLABLE NON_REQUIRED #</Process><Process ToolSource="c:\program files (x86)\arcgis\desktop10.1\ArcToolbox\Toolboxes\Data Management Tools.tbx\AddField" Date="20160318" Time="114454">AddField D:\GIS_IT\Wahlen\WEGIS5\WEGIS5Allgemein\GeodatenVorbereitung\Stichtag20160229Gesetz_vg250_20150101.gdb\GeltendesRecht\Basiskarte_2 GRÜNE_2 DOUBLE # # # GRÜNE_Zweit NULLABLE NON_REQUIRED #</Process><Process ToolSource="c:\program files (x86)\arcgis\desktop10.1\ArcToolbox\Toolboxes\Data Management Tools.tbx\AddField" Date="20160318" Time="114454">AddField D:\GIS_IT\Wahlen\WEGIS5\WEGIS5Allgemein\GeodatenVorbereitung\Stichtag20160229Gesetz_vg250_20150101.gdb\GeltendesRecht\Basiskarte_2 CSU_a_2 DOUBLE # # # # NULLABLE NON_REQUIRED #</Process><Process ToolSource="c:\program files (x86)\arcgis\desktop10.1\ArcToolbox\Toolboxes\Data Management Tools.tbx\AddField" Date="20160318" Time="114455">AddField D:\GIS_IT\Wahlen\WEGIS5\WEGIS5Allgemein\GeodatenVorbereitung\Stichtag20160229Gesetz_vg250_20150101.gdb\GeltendesRecht\Basiskarte_2 CSU_2 DOUBLE # # # CSU_Zweit NULLABLE NON_REQUIRED #</Process><Process ToolSource="c:\program files (x86)\arcgis\desktop10.1\ArcToolbox\Toolboxes\Data Management Tools.tbx\AddField" Date="20160318" Time="114456">AddField D:\GIS_IT\Wahlen\WEGIS5\WEGIS5Allgemein\GeodatenVorbereitung\Stichtag20160229Gesetz_vg250_20150101.gdb\GeltendesRecht\Basiskarte_2 Sonst_a_2 DOUBLE # # # # NULLABLE NON_REQUIRED #</Process><Process ToolSource="c:\program files (x86)\arcgis\desktop10.1\ArcToolbox\Toolboxes\Data Management Tools.tbx\AddField" Date="20160318" Time="114456">AddField D:\GIS_IT\Wahlen\WEGIS5\WEGIS5Allgemein\GeodatenVorbereitung\Stichtag20160229Gesetz_vg250_20150101.gdb\GeltendesRecht\Basiskarte_2 Sonst_2 DOUBLE # # # Sonst_Zweit NULLABLE NON_REQUIRED #</Process><Process ToolSource="c:\program files (x86)\arcgis\desktop10.1\ArcToolbox\Toolboxes\Data Management Tools.tbx\AddField" Date="20160318" Time="114457">AddField D:\GIS_IT\Wahlen\WEGIS5\WEGIS5Allgemein\GeodatenVorbereitung\Stichtag20160229Gesetz_vg250_20150101.gdb\GeltendesRecht\Basiskarte_2 WaSi_2 TEXT # # 8 WaSi_Zweit NULLABLE NON_REQUIRED #</Process><Process ToolSource="c:\program files (x86)\arcgis\desktop10.1\ArcToolbox\Toolboxes\Data Management Tools.tbx\CalculateField" Date="20160321" Time="121641">CalculateField Basiskarte_2 TeilNr "00" VB #</Process><Process ToolSource="c:\program files (x86)\arcgis\desktop10.1\ArcToolbox\Toolboxes\Data Management Tools.tbx\CalculateField" Date="20160321" Time="122940">CalculateField Basiskarte_2 Gem_index [AGS] VB #</Process><Process ToolSource="c:\program files (x86)\arcgis\desktop10.1\ArcToolbox\Toolboxes\Data Management Tools.tbx\CalculateField" Date="20160321" Time="123140">CalculateField Basiskarte_2 Egem_index "!Gem_index! + !TeilNr!" PYTHON_9.3 #</Process><Process ToolSource="c:\program files (x86)\arcgis\desktop10.1\ArcToolbox\Toolboxes\Data Management Tools.tbx\CalculateField" Date="20160321" Time="123542">CalculateField Basiskarte_2 Land_Nr !Gem_index![:2] PYTHON_9.3 #</Process><Process ToolSource="c:\program files (x86)\arcgis\desktop10.1\ArcToolbox\Toolboxes\Data Management Tools.tbx\CalculateField" Date="20160321" Time="123735">CalculateField Basiskarte_2 Gem_Nr !Gem_index![-3:] PYTHON_9.3 #</Process><Process ToolSource="c:\program files (x86)\arcgis\desktop10.1\ArcToolbox\Toolboxes\Data Management Tools.tbx\CalculateField" Date="20160321" Time="123939">CalculateField Basiskarte_2 Gem_name !FIRST_FIRST_GEN! PYTHON_9.3 #</Process><Process ToolSource="c:\program files (x86)\arcgis\desktop10.1\ArcToolbox\Toolboxes\Data Management Tools.tbx\CalculateField" Date="20160321" Time="124109">CalculateField Basiskarte_2 Krs_index !Gem_index![:5] PYTHON_9.3 #</Process><Process ToolSource="c:\program files (x86)\arcgis\desktop10.1\ArcToolbox\Toolboxes\Data Management Tools.tbx\CalculateField" Date="20160321" Time="125657">CalculateField Basiskarte_2 Regbez_index !Gem_index![:3] PYTHON_9.3 #</Process><Process ToolSource="c:\program files (x86)\arcgis\desktop10.1\ArcToolbox\Toolboxes\Data Management Tools.tbx\DeleteField" Date="20160321" Time="140927">DeleteField D:\GIS_IT\Wahlen\WEGIS5\WEGIS5Allgemein\GeodatenVorbereitung\Stichtag20160229Gesetz_vg250_20150101.gdb\GeltendesRecht\Basiskarte_2 AGS;FIRST_FIRST_GEN;FIRST_FIRST_BEZ</Process><Process ToolSource="c:\program files (x86)\arcgis\desktop10.1\ArcToolbox\Toolboxes\Data Management Tools.tbx\CalculateField" Date="20160322" Time="120921">CalculateField D:\GIS_IT\Wahlen\WEGIS5\WEGIS5Allgemein\GeodatenVorbereitung\Stichtag20160229Gesetz_vg250_20150101.gdb\GeltendesRecht\Basiskarte Gvb_Nr " " PYTHON_9.3 #</Process><Process ToolSource="c:\program files (x86)\arcgis\desktop10.1\ArcToolbox\Toolboxes\Data Management Tools.tbx\CalculateField" Date="20160322" Time="120923">CalculateField D:\GIS_IT\Wahlen\WEGIS5\WEGIS5Allgemein\GeodatenVorbereitung\Stichtag20160229Gesetz_vg250_20150101.gdb\GeltendesRecht\Basiskarte Gem_Nr " " PYTHON_9.3 #</Process><Process ToolSource="c:\program files (x86)\arcgis\desktop10.1\ArcToolbox\Toolboxes\Data Management Tools.tbx\CalculateField" Date="20160322" Time="120926">CalculateField D:\GIS_IT\Wahlen\WEGIS5\WEGIS5Allgemein\GeodatenVorbereitung\Stichtag20160229Gesetz_vg250_20150101.gdb\GeltendesRecht\Basiskarte Gem_name " " PYTHON_9.3 #</Process><Process ToolSource="c:\program files (x86)\arcgis\desktop10.1\ArcToolbox\Toolboxes\Data Management Tools.tbx\CalculateField" Date="20160322" Time="120928">CalculateField D:\GIS_IT\Wahlen\WEGIS5\WEGIS5Allgemein\GeodatenVorbereitung\Stichtag20160229Gesetz_vg250_20150101.gdb\GeltendesRecht\Basiskarte Bev 0 PYTHON_9.3 #</Process><Process ToolSource="c:\program files (x86)\arcgis\desktop10.1\ArcToolbox\Toolboxes\Data Management Tools.tbx\CalculateField" Date="20160322" Time="120931">CalculateField D:\GIS_IT\Wahlen\WEGIS5\WEGIS5Allgemein\GeodatenVorbereitung\Stichtag20160229Gesetz_vg250_20150101.gdb\GeltendesRecht\Basiskarte wkr 0 PYTHON_9.3 #</Process><Process ToolSource="c:\program files (x86)\arcgis\desktop10.1\ArcToolbox\Toolboxes\Data Management Tools.tbx\CalculateField" Date="20160322" Time="120934">CalculateField D:\GIS_IT\Wahlen\WEGIS5\WEGIS5Allgemein\GeodatenVorbereitung\Stichtag20160229Gesetz_vg250_20150101.gdb\GeltendesRecht\Basiskarte wkr_neu 0 PYTHON_9.3 #</Process><Process ToolSource="c:\program files (x86)\arcgis\desktop10.1\ArcToolbox\Toolboxes\Data Management Tools.tbx\CalculateField" Date="20160322" Time="120936">CalculateField D:\GIS_IT\Wahlen\WEGIS5\WEGIS5Allgemein\GeodatenVorbereitung\Stichtag20160229Gesetz_vg250_20150101.gdb\GeltendesRecht\Basiskarte wkr_name " " PYTHON_9.3 #</Process><Process ToolSource="c:\program files (x86)\arcgis\desktop10.1\ArcToolbox\Toolboxes\Data Management Tools.tbx\CalculateField" Date="20160322" Time="120939">CalculateField D:\GIS_IT\Wahlen\WEGIS5\WEGIS5Allgemein\GeodatenVorbereitung\Stichtag20160229Gesetz_vg250_20150101.gdb\GeltendesRecht\Basiskarte Regbez_index " " PYTHON_9.3 #</Process><Process ToolSource="c:\program files (x86)\arcgis\desktop10.1\ArcToolbox\Toolboxes\Data Management Tools.tbx\CalculateField" Date="20160322" Time="120941">CalculateField D:\GIS_IT\Wahlen\WEGIS5\WEGIS5Allgemein\GeodatenVorbereitung\Stichtag20160229Gesetz_vg250_20150101.gdb\GeltendesRecht\Basiskarte Krs_index " " PYTHON_9.3 #</Process><Process ToolSource="c:\program files (x86)\arcgis\desktop10.1\ArcToolbox\Toolboxes\Data Management Tools.tbx\CalculateField" Date="20160322" Time="120944">CalculateField D:\GIS_IT\Wahlen\WEGIS5\WEGIS5Allgemein\GeodatenVorbereitung\Stichtag20160229Gesetz_vg250_20150101.gdb\GeltendesRecht\Basiskarte Gvb_index " " PYTHON_9.3 #</Process><Process ToolSource="c:\program files (x86)\arcgis\desktop10.1\ArcToolbox\Toolboxes\Data Management Tools.tbx\CalculateField" Date="20160322" Time="120946">CalculateField D:\GIS_IT\Wahlen\WEGIS5\WEGIS5Allgemein\GeodatenVorbereitung\Stichtag20160229Gesetz_vg250_20150101.gdb\GeltendesRecht\Basiskarte BevWber 0 PYTHON_9.3 #</Process><Process ToolSource="c:\program files (x86)\arcgis\desktop10.1\ArcToolbox\Toolboxes\Data Management Tools.tbx\CalculateField" Date="20160322" Time="120948">CalculateField D:\GIS_IT\Wahlen\WEGIS5\WEGIS5Allgemein\GeodatenVorbereitung\Stichtag20160229Gesetz_vg250_20150101.gdb\GeltendesRecht\Basiskarte wber_1 0 PYTHON_9.3 #</Process><Process ToolSource="c:\program files (x86)\arcgis\desktop10.1\ArcToolbox\Toolboxes\Data Management Tools.tbx\CalculateField" Date="20160322" Time="120950">CalculateField D:\GIS_IT\Wahlen\WEGIS5\WEGIS5Allgemein\GeodatenVorbereitung\Stichtag20160229Gesetz_vg250_20150101.gdb\GeltendesRecht\Basiskarte glt_1 0 PYTHON_9.3 #</Process><Process ToolSource="c:\program files (x86)\arcgis\desktop10.1\ArcToolbox\Toolboxes\Data Management Tools.tbx\CalculateField" Date="20160322" Time="120954">CalculateField D:\GIS_IT\Wahlen\WEGIS5\WEGIS5Allgemein\GeodatenVorbereitung\Stichtag20160229Gesetz_vg250_20150101.gdb\GeltendesRecht\Basiskarte SPD_a_1 0 PYTHON_9.3 #</Process><Process ToolSource="c:\program files (x86)\arcgis\desktop10.1\ArcToolbox\Toolboxes\Data Management Tools.tbx\CalculateField" Date="20160322" Time="120956">CalculateField D:\GIS_IT\Wahlen\WEGIS5\WEGIS5Allgemein\GeodatenVorbereitung\Stichtag20160229Gesetz_vg250_20150101.gdb\GeltendesRecht\Basiskarte SPD_1 0 PYTHON_9.3 #</Process><Process ToolSource="c:\program files (x86)\arcgis\desktop10.1\ArcToolbox\Toolboxes\Data Management Tools.tbx\CalculateField" Date="20160322" Time="120959">CalculateField D:\GIS_IT\Wahlen\WEGIS5\WEGIS5Allgemein\GeodatenVorbereitung\Stichtag20160229Gesetz_vg250_20150101.gdb\GeltendesRecht\Basiskarte CDU_a_1 0 PYTHON_9.3 #</Process><Process ToolSource="c:\program files (x86)\arcgis\desktop10.1\ArcToolbox\Toolboxes\Data Management Tools.tbx\CalculateField" Date="20160322" Time="121001">CalculateField D:\GIS_IT\Wahlen\WEGIS5\WEGIS5Allgemein\GeodatenVorbereitung\Stichtag20160229Gesetz_vg250_20150101.gdb\GeltendesRecht\Basiskarte CDU_1 0 PYTHON_9.3 #</Process><Process ToolSource="c:\program files (x86)\arcgis\desktop10.1\ArcToolbox\Toolboxes\Data Management Tools.tbx\CalculateField" Date="20160322" Time="121004">CalculateField D:\GIS_IT\Wahlen\WEGIS5\WEGIS5Allgemein\GeodatenVorbereitung\Stichtag20160229Gesetz_vg250_20150101.gdb\GeltendesRecht\Basiskarte CSU_a_1 0 PYTHON_9.3 #</Process><Process ToolSource="c:\program files (x86)\arcgis\desktop10.1\ArcToolbox\Toolboxes\Data Management Tools.tbx\CalculateField" Date="20160322" Time="121006">CalculateField D:\GIS_IT\Wahlen\WEGIS5\WEGIS5Allgemein\GeodatenVorbereitung\Stichtag20160229Gesetz_vg250_20150101.gdb\GeltendesRecht\Basiskarte CSU_1 0 PYTHON_9.3 #</Process><Process ToolSource="c:\program files (x86)\arcgis\desktop10.1\ArcToolbox\Toolboxes\Data Management Tools.tbx\CalculateField" Date="20160322" Time="121008">CalculateField D:\GIS_IT\Wahlen\WEGIS5\WEGIS5Allgemein\GeodatenVorbereitung\Stichtag20160229Gesetz_vg250_20150101.gdb\GeltendesRecht\Basiskarte GRÜNE_a_1 0 PYTHON_9.3 #</Process><Process ToolSource="c:\program files (x86)\arcgis\desktop10.1\ArcToolbox\Toolboxes\Data Management Tools.tbx\CalculateField" Date="20160322" Time="121011">CalculateField D:\GIS_IT\Wahlen\WEGIS5\WEGIS5Allgemein\GeodatenVorbereitung\Stichtag20160229Gesetz_vg250_20150101.gdb\GeltendesRecht\Basiskarte GRÜNE_1 0 PYTHON_9.3 #</Process><Process ToolSource="c:\program files (x86)\arcgis\desktop10.1\ArcToolbox\Toolboxes\Data Management Tools.tbx\CalculateField" Date="20160322" Time="121015">CalculateField D:\GIS_IT\Wahlen\WEGIS5\WEGIS5Allgemein\GeodatenVorbereitung\Stichtag20160229Gesetz_vg250_20150101.gdb\GeltendesRecht\Basiskarte FDP_a_1 0 PYTHON_9.3 #</Process><Process ToolSource="c:\program files (x86)\arcgis\desktop10.1\ArcToolbox\Toolboxes\Data Management Tools.tbx\CalculateField" Date="20160322" Time="121018">CalculateField D:\GIS_IT\Wahlen\WEGIS5\WEGIS5Allgemein\GeodatenVorbereitung\Stichtag20160229Gesetz_vg250_20150101.gdb\GeltendesRecht\Basiskarte FDP_1 0 PYTHON_9.3 #</Process><Process ToolSource="c:\program files (x86)\arcgis\desktop10.1\ArcToolbox\Toolboxes\Data Management Tools.tbx\CalculateField" Date="20160322" Time="121021">CalculateField D:\GIS_IT\Wahlen\WEGIS5\WEGIS5Allgemein\GeodatenVorbereitung\Stichtag20160229Gesetz_vg250_20150101.gdb\GeltendesRecht\Basiskarte DieLinke_a_1 0 PYTHON_9.3 #</Process><Process ToolSource="c:\program files (x86)\arcgis\desktop10.1\ArcToolbox\Toolboxes\Data Management Tools.tbx\CalculateField" Date="20160322" Time="121024">CalculateField D:\GIS_IT\Wahlen\WEGIS5\WEGIS5Allgemein\GeodatenVorbereitung\Stichtag20160229Gesetz_vg250_20150101.gdb\GeltendesRecht\Basiskarte DieLinke_1 0 PYTHON_9.3 #</Process><Process ToolSource="c:\program files (x86)\arcgis\desktop10.1\ArcToolbox\Toolboxes\Data Management Tools.tbx\CalculateField" Date="20160322" Time="121027">CalculateField D:\GIS_IT\Wahlen\WEGIS5\WEGIS5Allgemein\GeodatenVorbereitung\Stichtag20160229Gesetz_vg250_20150101.gdb\GeltendesRecht\Basiskarte Sonst_a_1 0 PYTHON_9.3 #</Process><Process ToolSource="c:\program files (x86)\arcgis\desktop10.1\ArcToolbox\Toolboxes\Data Management Tools.tbx\CalculateField" Date="20160322" Time="121030">CalculateField D:\GIS_IT\Wahlen\WEGIS5\WEGIS5Allgemein\GeodatenVorbereitung\Stichtag20160229Gesetz_vg250_20150101.gdb\GeltendesRecht\Basiskarte Sonst_1 0 PYTHON_9.3 #</Process><Process ToolSource="c:\program files (x86)\arcgis\desktop10.1\ArcToolbox\Toolboxes\Data Management Tools.tbx\CalculateField" Date="20160322" Time="121032">CalculateField D:\GIS_IT\Wahlen\WEGIS5\WEGIS5Allgemein\GeodatenVorbereitung\Stichtag20160229Gesetz_vg250_20150101.gdb\GeltendesRecht\Basiskarte WaSi_1 " " PYTHON_9.3 #</Process><Process ToolSource="c:\program files (x86)\arcgis\desktop10.1\ArcToolbox\Toolboxes\Data Management Tools.tbx\CalculateField" Date="20160322" Time="121035">CalculateField D:\GIS_IT\Wahlen\WEGIS5\WEGIS5Allgemein\GeodatenVorbereitung\Stichtag20160229Gesetz_vg250_20150101.gdb\GeltendesRecht\Basiskarte wber_2 0 PYTHON_9.3 #</Process><Process ToolSource="c:\program files (x86)\arcgis\desktop10.1\ArcToolbox\Toolboxes\Data Management Tools.tbx\CalculateField" Date="20160322" Time="121038">CalculateField D:\GIS_IT\Wahlen\WEGIS5\WEGIS5Allgemein\GeodatenVorbereitung\Stichtag20160229Gesetz_vg250_20150101.gdb\GeltendesRecht\Basiskarte glt_2 0 PYTHON_9.3 #</Process><Process ToolSource="c:\program files (x86)\arcgis\desktop10.1\ArcToolbox\Toolboxes\Data Management Tools.tbx\CalculateField" Date="20160322" Time="121040">CalculateField D:\GIS_IT\Wahlen\WEGIS5\WEGIS5Allgemein\GeodatenVorbereitung\Stichtag20160229Gesetz_vg250_20150101.gdb\GeltendesRecht\Basiskarte SPD_a_2 0 PYTHON_9.3 #</Process><Process ToolSource="c:\program files (x86)\arcgis\desktop10.1\ArcToolbox\Toolboxes\Data Management Tools.tbx\CalculateField" Date="20160322" Time="121043">CalculateField D:\GIS_IT\Wahlen\WEGIS5\WEGIS5Allgemein\GeodatenVorbereitung\Stichtag20160229Gesetz_vg250_20150101.gdb\GeltendesRecht\Basiskarte SPD_2 0 PYTHON_9.3 #</Process><Process ToolSource="c:\program files (x86)\arcgis\desktop10.1\ArcToolbox\Toolboxes\Data Management Tools.tbx\CalculateField" Date="20160322" Time="121045">CalculateField D:\GIS_IT\Wahlen\WEGIS5\WEGIS5Allgemein\GeodatenVorbereitung\Stichtag20160229Gesetz_vg250_20150101.gdb\GeltendesRecht\Basiskarte CDU_a_2 0 PYTHON_9.3 #</Process><Process ToolSource="c:\program files (x86)\arcgis\desktop10.1\ArcToolbox\Toolboxes\Data Management Tools.tbx\CalculateField" Date="20160322" Time="121047">CalculateField D:\GIS_IT\Wahlen\WEGIS5\WEGIS5Allgemein\GeodatenVorbereitung\Stichtag20160229Gesetz_vg250_20150101.gdb\GeltendesRecht\Basiskarte CDU_2 0 PYTHON_9.3 #</Process><Process ToolSource="c:\program files (x86)\arcgis\desktop10.1\ArcToolbox\Toolboxes\Data Management Tools.tbx\CalculateField" Date="20160322" Time="121050">CalculateField D:\GIS_IT\Wahlen\WEGIS5\WEGIS5Allgemein\GeodatenVorbereitung\Stichtag20160229Gesetz_vg250_20150101.gdb\GeltendesRecht\Basiskarte CSU_a_2 0 PYTHON_9.3 #</Process><Process ToolSource="c:\program files (x86)\arcgis\desktop10.1\ArcToolbox\Toolboxes\Data Management Tools.tbx\CalculateField" Date="20160322" Time="121052">CalculateField D:\GIS_IT\Wahlen\WEGIS5\WEGIS5Allgemein\GeodatenVorbereitung\Stichtag20160229Gesetz_vg250_20150101.gdb\GeltendesRecht\Basiskarte CSU_2 0 PYTHON_9.3 #</Process><Process ToolSource="c:\program files (x86)\arcgis\desktop10.1\ArcToolbox\Toolboxes\Data Management Tools.tbx\CalculateField" Date="20160322" Time="121054">CalculateField D:\GIS_IT\Wahlen\WEGIS5\WEGIS5Allgemein\GeodatenVorbereitung\Stichtag20160229Gesetz_vg250_20150101.gdb\GeltendesRecht\Basiskarte GRÜNE_a_2 0 PYTHON_9.3 #</Process><Process ToolSource="c:\program files (x86)\arcgis\desktop10.1\ArcToolbox\Toolboxes\Data Management Tools.tbx\CalculateField" Date="20160322" Time="121057">CalculateField D:\GIS_IT\Wahlen\WEGIS5\WEGIS5Allgemein\GeodatenVorbereitung\Stichtag20160229Gesetz_vg250_20150101.gdb\GeltendesRecht\Basiskarte GRÜNE_2 0 PYTHON_9.3 #</Process><Process ToolSource="c:\program files (x86)\arcgis\desktop10.1\ArcToolbox\Toolboxes\Data Management Tools.tbx\CalculateField" Date="20160322" Time="121100">CalculateField D:\GIS_IT\Wahlen\WEGIS5\WEGIS5Allgemein\GeodatenVorbereitung\Stichtag20160229Gesetz_vg250_20150101.gdb\GeltendesRecht\Basiskarte FDP_a_2 0 PYTHON_9.3 #</Process><Process ToolSource="c:\program files (x86)\arcgis\desktop10.1\ArcToolbox\Toolboxes\Data Management Tools.tbx\CalculateField" Date="20160322" Time="121102">CalculateField D:\GIS_IT\Wahlen\WEGIS5\WEGIS5Allgemein\GeodatenVorbereitung\Stichtag20160229Gesetz_vg250_20150101.gdb\GeltendesRecht\Basiskarte FDP_2 0 PYTHON_9.3 #</Process><Process ToolSource="c:\program files (x86)\arcgis\desktop10.1\ArcToolbox\Toolboxes\Data Management Tools.tbx\CalculateField" Date="20160322" Time="121105">CalculateField D:\GIS_IT\Wahlen\WEGIS5\WEGIS5Allgemein\GeodatenVorbereitung\Stichtag20160229Gesetz_vg250_20150101.gdb\GeltendesRecht\Basiskarte DieLinke_a_2 0 PYTHON_9.3 #</Process><Process ToolSource="c:\program files (x86)\arcgis\desktop10.1\ArcToolbox\Toolboxes\Data Management Tools.tbx\CalculateField" Date="20160322" Time="121108">CalculateField D:\GIS_IT\Wahlen\WEGIS5\WEGIS5Allgemein\GeodatenVorbereitung\Stichtag20160229Gesetz_vg250_20150101.gdb\GeltendesRecht\Basiskarte DieLinke_2 0 PYTHON_9.3 #</Process><Process ToolSource="c:\program files (x86)\arcgis\desktop10.1\ArcToolbox\Toolboxes\Data Management Tools.tbx\CalculateField" Date="20160322" Time="121110">CalculateField D:\GIS_IT\Wahlen\WEGIS5\WEGIS5Allgemein\GeodatenVorbereitung\Stichtag20160229Gesetz_vg250_20150101.gdb\GeltendesRecht\Basiskarte Sonst_a_2 0 PYTHON_9.3 #</Process><Process ToolSource="c:\program files (x86)\arcgis\desktop10.1\ArcToolbox\Toolboxes\Data Management Tools.tbx\CalculateField" Date="20160322" Time="121113">CalculateField D:\GIS_IT\Wahlen\WEGIS5\WEGIS5Allgemein\GeodatenVorbereitung\Stichtag20160229Gesetz_vg250_20150101.gdb\GeltendesRecht\Basiskarte Sonst_2 0 PYTHON_9.3 #</Process><Process ToolSource="c:\program files (x86)\arcgis\desktop10.1\ArcToolbox\Toolboxes\Data Management Tools.tbx\CalculateField" Date="20160322" Time="121115">CalculateField D:\GIS_IT\Wahlen\WEGIS5\WEGIS5Allgemein\GeodatenVorbereitung\Stichtag20160229Gesetz_vg250_20150101.gdb\GeltendesRecht\Basiskarte WaSi_2 " " PYTHON_9.3 #</Process><Process ToolSource="c:\program files (x86)\arcgis\desktop10.1\ArcToolbox\Toolboxes\Data Management Tools.tbx\CalculateField" Date="20160405" Time="082218">CalculateField D:\GIS_IT\Wahlen\WEGIS5\WEGIS5Allgemein\GeodatenVorbereitung\Stichtag20160229Gesetz_vg250_20150101.gdb\GeltendesRecht\Basiskarte Gvb_Nr " " PYTHON_9.3 #</Process><Process ToolSource="c:\program files (x86)\arcgis\desktop10.1\ArcToolbox\Toolboxes\Data Management Tools.tbx\CalculateField" Date="20160405" Time="082221">CalculateField D:\GIS_IT\Wahlen\WEGIS5\WEGIS5Allgemein\GeodatenVorbereitung\Stichtag20160229Gesetz_vg250_20150101.gdb\GeltendesRecht\Basiskarte Gem_Nr " " PYTHON_9.3 #</Process><Process ToolSource="c:\program files (x86)\arcgis\desktop10.1\ArcToolbox\Toolboxes\Data Management Tools.tbx\CalculateField" Date="20160405" Time="082223">CalculateField D:\GIS_IT\Wahlen\WEGIS5\WEGIS5Allgemein\GeodatenVorbereitung\Stichtag20160229Gesetz_vg250_20150101.gdb\GeltendesRecht\Basiskarte Gem_name " " PYTHON_9.3 #</Process><Process ToolSource="c:\program files (x86)\arcgis\desktop10.1\ArcToolbox\Toolboxes\Data Management Tools.tbx\CalculateField" Date="20160405" Time="082226">CalculateField D:\GIS_IT\Wahlen\WEGIS5\WEGIS5Allgemein\GeodatenVorbereitung\Stichtag20160229Gesetz_vg250_20150101.gdb\GeltendesRecht\Basiskarte Bev 0 PYTHON_9.3 #</Process><Process ToolSource="c:\program files (x86)\arcgis\desktop10.1\ArcToolbox\Toolboxes\Data Management Tools.tbx\CalculateField" Date="20160405" Time="082228">CalculateField D:\GIS_IT\Wahlen\WEGIS5\WEGIS5Allgemein\GeodatenVorbereitung\Stichtag20160229Gesetz_vg250_20150101.gdb\GeltendesRecht\Basiskarte wkr 0 PYTHON_9.3 #</Process><Process ToolSource="c:\program files (x86)\arcgis\desktop10.1\ArcToolbox\Toolboxes\Data Management Tools.tbx\CalculateField" Date="20160405" Time="082230">CalculateField D:\GIS_IT\Wahlen\WEGIS5\WEGIS5Allgemein\GeodatenVorbereitung\Stichtag20160229Gesetz_vg250_20150101.gdb\GeltendesRecht\Basiskarte wkr_neu 0 PYTHON_9.3 #</Process><Process ToolSource="c:\program files (x86)\arcgis\desktop10.1\ArcToolbox\Toolboxes\Data Management Tools.tbx\CalculateField" Date="20160405" Time="082233">CalculateField D:\GIS_IT\Wahlen\WEGIS5\WEGIS5Allgemein\GeodatenVorbereitung\Stichtag20160229Gesetz_vg250_20150101.gdb\GeltendesRecht\Basiskarte wkr_name " " PYTHON_9.3 #</Process><Process ToolSource="c:\program files (x86)\arcgis\desktop10.1\ArcToolbox\Toolboxes\Data Management Tools.tbx\CalculateField" Date="20160405" Time="082236">CalculateField D:\GIS_IT\Wahlen\WEGIS5\WEGIS5Allgemein\GeodatenVorbereitung\Stichtag20160229Gesetz_vg250_20150101.gdb\GeltendesRecht\Basiskarte Regbez_index " " PYTHON_9.3 #</Process><Process ToolSource="c:\program files (x86)\arcgis\desktop10.1\ArcToolbox\Toolboxes\Data Management Tools.tbx\CalculateField" Date="20160405" Time="082238">CalculateField D:\GIS_IT\Wahlen\WEGIS5\WEGIS5Allgemein\GeodatenVorbereitung\Stichtag20160229Gesetz_vg250_20150101.gdb\GeltendesRecht\Basiskarte Krs_index " " PYTHON_9.3 #</Process><Process ToolSource="c:\program files (x86)\arcgis\desktop10.1\ArcToolbox\Toolboxes\Data Management Tools.tbx\CalculateField" Date="20160405" Time="082240">CalculateField D:\GIS_IT\Wahlen\WEGIS5\WEGIS5Allgemein\GeodatenVorbereitung\Stichtag20160229Gesetz_vg250_20150101.gdb\GeltendesRecht\Basiskarte Gvb_index " " PYTHON_9.3 #</Process><Process ToolSource="c:\program files (x86)\arcgis\desktop10.1\ArcToolbox\Toolboxes\Data Management Tools.tbx\CalculateField" Date="20160405" Time="082243">CalculateField D:\GIS_IT\Wahlen\WEGIS5\WEGIS5Allgemein\GeodatenVorbereitung\Stichtag20160229Gesetz_vg250_20150101.gdb\GeltendesRecht\Basiskarte BevWber 0 PYTHON_9.3 #</Process><Process ToolSource="c:\program files (x86)\arcgis\desktop10.1\ArcToolbox\Toolboxes\Data Management Tools.tbx\CalculateField" Date="20160405" Time="082245">CalculateField D:\GIS_IT\Wahlen\WEGIS5\WEGIS5Allgemein\GeodatenVorbereitung\Stichtag20160229Gesetz_vg250_20150101.gdb\GeltendesRecht\Basiskarte wber_1 0 PYTHON_9.3 #</Process><Process ToolSource="c:\program files (x86)\arcgis\desktop10.1\ArcToolbox\Toolboxes\Data Management Tools.tbx\CalculateField" Date="20160405" Time="082247">CalculateField D:\GIS_IT\Wahlen\WEGIS5\WEGIS5Allgemein\GeodatenVorbereitung\Stichtag20160229Gesetz_vg250_20150101.gdb\GeltendesRecht\Basiskarte glt_1 0 PYTHON_9.3 #</Process><Process ToolSource="c:\program files (x86)\arcgis\desktop10.1\ArcToolbox\Toolboxes\Data Management Tools.tbx\CalculateField" Date="20160405" Time="082249">CalculateField D:\GIS_IT\Wahlen\WEGIS5\WEGIS5Allgemein\GeodatenVorbereitung\Stichtag20160229Gesetz_vg250_20150101.gdb\GeltendesRecht\Basiskarte SPD_a_1 0 PYTHON_9.3 #</Process><Process ToolSource="c:\program files (x86)\arcgis\desktop10.1\ArcToolbox\Toolboxes\Data Management Tools.tbx\CalculateField" Date="20160405" Time="082251">CalculateField D:\GIS_IT\Wahlen\WEGIS5\WEGIS5Allgemein\GeodatenVorbereitung\Stichtag20160229Gesetz_vg250_20150101.gdb\GeltendesRecht\Basiskarte SPD_1 0 PYTHON_9.3 #</Process><Process ToolSource="c:\program files (x86)\arcgis\desktop10.1\ArcToolbox\Toolboxes\Data Management Tools.tbx\CalculateField" Date="20160405" Time="082254">CalculateField D:\GIS_IT\Wahlen\WEGIS5\WEGIS5Allgemein\GeodatenVorbereitung\Stichtag20160229Gesetz_vg250_20150101.gdb\GeltendesRecht\Basiskarte CDU_a_1 0 PYTHON_9.3 #</Process><Process ToolSource="c:\program files (x86)\arcgis\desktop10.1\ArcToolbox\Toolboxes\Data Management Tools.tbx\CalculateField" Date="20160405" Time="082256">CalculateField D:\GIS_IT\Wahlen\WEGIS5\WEGIS5Allgemein\GeodatenVorbereitung\Stichtag20160229Gesetz_vg250_20150101.gdb\GeltendesRecht\Basiskarte CDU_1 0 PYTHON_9.3 #</Process><Process ToolSource="c:\program files (x86)\arcgis\desktop10.1\ArcToolbox\Toolboxes\Data Management Tools.tbx\CalculateField" Date="20160405" Time="082258">CalculateField D:\GIS_IT\Wahlen\WEGIS5\WEGIS5Allgemein\GeodatenVorbereitung\Stichtag20160229Gesetz_vg250_20150101.gdb\GeltendesRecht\Basiskarte CSU_a_1 0 PYTHON_9.3 #</Process><Process ToolSource="c:\program files (x86)\arcgis\desktop10.1\ArcToolbox\Toolboxes\Data Management Tools.tbx\CalculateField" Date="20160405" Time="082300">CalculateField D:\GIS_IT\Wahlen\WEGIS5\WEGIS5Allgemein\GeodatenVorbereitung\Stichtag20160229Gesetz_vg250_20150101.gdb\GeltendesRecht\Basiskarte CSU_1 0 PYTHON_9.3 #</Process><Process ToolSource="c:\program files (x86)\arcgis\desktop10.1\ArcToolbox\Toolboxes\Data Management Tools.tbx\CalculateField" Date="20160405" Time="082302">CalculateField D:\GIS_IT\Wahlen\WEGIS5\WEGIS5Allgemein\GeodatenVorbereitung\Stichtag20160229Gesetz_vg250_20150101.gdb\GeltendesRecht\Basiskarte GRÜNE_a_1 0 PYTHON_9.3 #</Process><Process ToolSource="c:\program files (x86)\arcgis\desktop10.1\ArcToolbox\Toolboxes\Data Management Tools.tbx\CalculateField" Date="20160405" Time="082304">CalculateField D:\GIS_IT\Wahlen\WEGIS5\WEGIS5Allgemein\GeodatenVorbereitung\Stichtag20160229Gesetz_vg250_20150101.gdb\GeltendesRecht\Basiskarte GRÜNE_1 0 PYTHON_9.3 #</Process><Process ToolSource="c:\program files (x86)\arcgis\desktop10.1\ArcToolbox\Toolboxes\Data Management Tools.tbx\CalculateField" Date="20160405" Time="082306">CalculateField D:\GIS_IT\Wahlen\WEGIS5\WEGIS5Allgemein\GeodatenVorbereitung\Stichtag20160229Gesetz_vg250_20150101.gdb\GeltendesRecht\Basiskarte FDP_a_1 0 PYTHON_9.3 #</Process><Process ToolSource="c:\program files (x86)\arcgis\desktop10.1\ArcToolbox\Toolboxes\Data Management Tools.tbx\CalculateField" Date="20160405" Time="082308">CalculateField D:\GIS_IT\Wahlen\WEGIS5\WEGIS5Allgemein\GeodatenVorbereitung\Stichtag20160229Gesetz_vg250_20150101.gdb\GeltendesRecht\Basiskarte FDP_1 0 PYTHON_9.3 #</Process><Process ToolSource="c:\program files (x86)\arcgis\desktop10.1\ArcToolbox\Toolboxes\Data Management Tools.tbx\CalculateField" Date="20160405" Time="082310">CalculateField D:\GIS_IT\Wahlen\WEGIS5\WEGIS5Allgemein\GeodatenVorbereitung\Stichtag20160229Gesetz_vg250_20150101.gdb\GeltendesRecht\Basiskarte DieLinke_a_1 0 PYTHON_9.3 #</Process><Process ToolSource="c:\program files (x86)\arcgis\desktop10.1\ArcToolbox\Toolboxes\Data Management Tools.tbx\CalculateField" Date="20160405" Time="082312">CalculateField D:\GIS_IT\Wahlen\WEGIS5\WEGIS5Allgemein\GeodatenVorbereitung\Stichtag20160229Gesetz_vg250_20150101.gdb\GeltendesRecht\Basiskarte DieLinke_1 0 PYTHON_9.3 #</Process><Process ToolSource="c:\program files (x86)\arcgis\desktop10.1\ArcToolbox\Toolboxes\Data Management Tools.tbx\CalculateField" Date="20160405" Time="082314">CalculateField D:\GIS_IT\Wahlen\WEGIS5\WEGIS5Allgemein\GeodatenVorbereitung\Stichtag20160229Gesetz_vg250_20150101.gdb\GeltendesRecht\Basiskarte Sonst_a_1 0 PYTHON_9.3 #</Process><Process ToolSource="c:\program files (x86)\arcgis\desktop10.1\ArcToolbox\Toolboxes\Data Management Tools.tbx\CalculateField" Date="20160405" Time="082315">CalculateField D:\GIS_IT\Wahlen\WEGIS5\WEGIS5Allgemein\GeodatenVorbereitung\Stichtag20160229Gesetz_vg250_20150101.gdb\GeltendesRecht\Basiskarte Sonst_1 0 PYTHON_9.3 #</Process><Process ToolSource="c:\program files (x86)\arcgis\desktop10.1\ArcToolbox\Toolboxes\Data Management Tools.tbx\CalculateField" Date="20160405" Time="082317">CalculateField D:\GIS_IT\Wahlen\WEGIS5\WEGIS5Allgemein\GeodatenVorbereitung\Stichtag20160229Gesetz_vg250_20150101.gdb\GeltendesRecht\Basiskarte WaSi_1 " " PYTHON_9.3 #</Process><Process ToolSource="c:\program files (x86)\arcgis\desktop10.1\ArcToolbox\Toolboxes\Data Management Tools.tbx\CalculateField" Date="20160405" Time="082319">CalculateField D:\GIS_IT\Wahlen\WEGIS5\WEGIS5Allgemein\GeodatenVorbereitung\Stichtag20160229Gesetz_vg250_20150101.gdb\GeltendesRecht\Basiskarte wber_2 0 PYTHON_9.3 #</Process><Process ToolSource="c:\program files (x86)\arcgis\desktop10.1\ArcToolbox\Toolboxes\Data Management Tools.tbx\CalculateField" Date="20160405" Time="082322">CalculateField D:\GIS_IT\Wahlen\WEGIS5\WEGIS5Allgemein\GeodatenVorbereitung\Stichtag20160229Gesetz_vg250_20150101.gdb\GeltendesRecht\Basiskarte glt_2 0 PYTHON_9.3 #</Process><Process ToolSource="c:\program files (x86)\arcgis\desktop10.1\ArcToolbox\Toolboxes\Data Management Tools.tbx\CalculateField" Date="20160405" Time="082324">CalculateField D:\GIS_IT\Wahlen\WEGIS5\WEGIS5Allgemein\GeodatenVorbereitung\Stichtag20160229Gesetz_vg250_20150101.gdb\GeltendesRecht\Basiskarte SPD_a_2 0 PYTHON_9.3 #</Process><Process ToolSource="c:\program files (x86)\arcgis\desktop10.1\ArcToolbox\Toolboxes\Data Management Tools.tbx\CalculateField" Date="20160405" Time="082326">CalculateField D:\GIS_IT\Wahlen\WEGIS5\WEGIS5Allgemein\GeodatenVorbereitung\Stichtag20160229Gesetz_vg250_20150101.gdb\GeltendesRecht\Basiskarte SPD_2 0 PYTHON_9.3 #</Process><Process ToolSource="c:\program files (x86)\arcgis\desktop10.1\ArcToolbox\Toolboxes\Data Management Tools.tbx\CalculateField" Date="20160405" Time="082328">CalculateField D:\GIS_IT\Wahlen\WEGIS5\WEGIS5Allgemein\GeodatenVorbereitung\Stichtag20160229Gesetz_vg250_20150101.gdb\GeltendesRecht\Basiskarte CDU_a_2 0 PYTHON_9.3 #</Process><Process ToolSource="c:\program files (x86)\arcgis\desktop10.1\ArcToolbox\Toolboxes\Data Management Tools.tbx\CalculateField" Date="20160405" Time="082330">CalculateField D:\GIS_IT\Wahlen\WEGIS5\WEGIS5Allgemein\GeodatenVorbereitung\Stichtag20160229Gesetz_vg250_20150101.gdb\GeltendesRecht\Basiskarte CDU_2 0 PYTHON_9.3 #</Process><Process ToolSource="c:\program files (x86)\arcgis\desktop10.1\ArcToolbox\Toolboxes\Data Management Tools.tbx\CalculateField" Date="20160405" Time="082332">CalculateField D:\GIS_IT\Wahlen\WEGIS5\WEGIS5Allgemein\GeodatenVorbereitung\Stichtag20160229Gesetz_vg250_20150101.gdb\GeltendesRecht\Basiskarte CSU_a_2 0 PYTHON_9.3 #</Process><Process ToolSource="c:\program files (x86)\arcgis\desktop10.1\ArcToolbox\Toolboxes\Data Management Tools.tbx\CalculateField" Date="20160405" Time="082334">CalculateField D:\GIS_IT\Wahlen\WEGIS5\WEGIS5Allgemein\GeodatenVorbereitung\Stichtag20160229Gesetz_vg250_20150101.gdb\GeltendesRecht\Basiskarte CSU_2 0 PYTHON_9.3 #</Process><Process ToolSource="c:\program files (x86)\arcgis\desktop10.1\ArcToolbox\Toolboxes\Data Management Tools.tbx\CalculateField" Date="20160405" Time="082336">CalculateField D:\GIS_IT\Wahlen\WEGIS5\WEGIS5Allgemein\GeodatenVorbereitung\Stichtag20160229Gesetz_vg250_20150101.gdb\GeltendesRecht\Basiskarte GRÜNE_a_2 0 PYTHON_9.3 #</Process><Process ToolSource="c:\program files (x86)\arcgis\desktop10.1\ArcToolbox\Toolboxes\Data Management Tools.tbx\CalculateField" Date="20160405" Time="082339">CalculateField D:\GIS_IT\Wahlen\WEGIS5\WEGIS5Allgemein\GeodatenVorbereitung\Stichtag20160229Gesetz_vg250_20150101.gdb\GeltendesRecht\Basiskarte GRÜNE_2 0 PYTHON_9.3 #</Process><Process ToolSource="c:\program files (x86)\arcgis\desktop10.1\ArcToolbox\Toolboxes\Data Management Tools.tbx\CalculateField" Date="20160405" Time="082341">CalculateField D:\GIS_IT\Wahlen\WEGIS5\WEGIS5Allgemein\GeodatenVorbereitung\Stichtag20160229Gesetz_vg250_20150101.gdb\GeltendesRecht\Basiskarte FDP_a_2 0 PYTHON_9.3 #</Process><Process ToolSource="c:\program files (x86)\arcgis\desktop10.1\ArcToolbox\Toolboxes\Data Management Tools.tbx\CalculateField" Date="20160405" Time="082344">CalculateField D:\GIS_IT\Wahlen\WEGIS5\WEGIS5Allgemein\GeodatenVorbereitung\Stichtag20160229Gesetz_vg250_20150101.gdb\GeltendesRecht\Basiskarte FDP_2 0 PYTHON_9.3 #</Process><Process ToolSource="c:\program files (x86)\arcgis\desktop10.1\ArcToolbox\Toolboxes\Data Management Tools.tbx\CalculateField" Date="20160405" Time="082346">CalculateField D:\GIS_IT\Wahlen\WEGIS5\WEGIS5Allgemein\GeodatenVorbereitung\Stichtag20160229Gesetz_vg250_20150101.gdb\GeltendesRecht\Basiskarte DieLinke_a_2 0 PYTHON_9.3 #</Process><Process ToolSource="c:\program files (x86)\arcgis\desktop10.1\ArcToolbox\Toolboxes\Data Management Tools.tbx\CalculateField" Date="20160405" Time="082348">CalculateField D:\GIS_IT\Wahlen\WEGIS5\WEGIS5Allgemein\GeodatenVorbereitung\Stichtag20160229Gesetz_vg250_20150101.gdb\GeltendesRecht\Basiskarte DieLinke_2 0 PYTHON_9.3 #</Process><Process ToolSource="c:\program files (x86)\arcgis\desktop10.1\ArcToolbox\Toolboxes\Data Management Tools.tbx\CalculateField" Date="20160405" Time="082350">CalculateField D:\GIS_IT\Wahlen\WEGIS5\WEGIS5Allgemein\GeodatenVorbereitung\Stichtag20160229Gesetz_vg250_20150101.gdb\GeltendesRecht\Basiskarte Sonst_a_2 0 PYTHON_9.3 #</Process><Process ToolSource="c:\program files (x86)\arcgis\desktop10.1\ArcToolbox\Toolboxes\Data Management Tools.tbx\CalculateField" Date="20160405" Time="082352">CalculateField D:\GIS_IT\Wahlen\WEGIS5\WEGIS5Allgemein\GeodatenVorbereitung\Stichtag20160229Gesetz_vg250_20150101.gdb\GeltendesRecht\Basiskarte Sonst_2 0 PYTHON_9.3 #</Process><Process ToolSource="c:\program files (x86)\arcgis\desktop10.1\ArcToolbox\Toolboxes\Data Management Tools.tbx\CalculateField" Date="20160405" Time="082354">CalculateField D:\GIS_IT\Wahlen\WEGIS5\WEGIS5Allgemein\GeodatenVorbereitung\Stichtag20160229Gesetz_vg250_20150101.gdb\GeltendesRecht\Basiskarte WaSi_2 " " PYTHON_9.3 #</Process><Process ToolSource="c:\program files (x86)\arcgis\desktop10.1\ArcToolbox\Toolboxes\Data Management Tools.tbx\CalculateField" Date="20160405" Time="084645">CalculateField Basiskarte gemTyp "gemfr. Gebiet" VB #</Process><Process ToolSource="c:\program files (x86)\arcgis\desktop10.1\ArcToolbox\Toolboxes\Data Management Tools.tbx\CalculateField" Date="20160405" Time="084732">CalculateField Basiskarte gemTyp "Gemeinde" VB #</Process><Process ToolSource="c:\program files (x86)\arcgis\desktop10.1\ArcToolbox\Toolboxes\Data Management Tools.tbx\Dissolve" Date="20160428" Time="110206">Dissolve D:\GIS_IT\Wahlen\WEGIS5\WEGIS5Allgemein\GeodatenVorbereitung\Stichtag20160229Gesetz_vg250_20150101.gdb\GeltendesRecht\Basiskarte D:\GIS_IT\Wahlen\WEGIS5\WEGIS5Allgemein\GeodatenVorbereitung\Stichtag20160229Gesetz_vg250_20150101.gdb\GeltendesRecht\Wahlkreise wkr_neu "Land_Nr MIN;wkr_name FIRST;Bev SUM;BevWber SUM" MULTI_PART DISSOLVE_LINES</Process><Process ToolSource="c:\program files (x86)\arcgis\desktop10.1\ArcToolbox\Toolboxes\Data Management Tools.tbx\AddField" Date="20160428" Time="110206">AddField D:\GIS_IT\Wahlen\WEGIS5\WEGIS5Allgemein\GeodatenVorbereitung\Stichtag20160229Gesetz_vg250_20150101.gdb\GeltendesRecht\Wahlkreise Abw_a DOUBLE # # # Abw_absolut NULLABLE NON_REQUIRED #</Process><Process ToolSource="c:\program files (x86)\arcgis\desktop10.1\ArcToolbox\Toolboxes\Data Management Tools.tbx\AddField" Date="20160428" Time="110207">AddField D:\GIS_IT\Wahlen\WEGIS5\WEGIS5Allgemein\GeodatenVorbereitung\Stichtag20160229Gesetz_vg250_20150101.gdb\GeltendesRecht\Wahlkreise Abw DOUBLE # # # Abw_i_Proz NULLABLE NON_REQUIRED #</Process><Process ToolSource="c:\program files (x86)\arcgis\desktop10.1\ArcToolbox\Toolboxes\Data Management Tools.tbx\AddField" Date="20160428" Time="110207">AddField D:\GIS_IT\Wahlen\WEGIS5\WEGIS5Allgemein\GeodatenVorbereitung\Stichtag20160229Gesetz_vg250_20150101.gdb\GeltendesRecht\Wahlkreise AbwWber_a DOUBLE # # # AbwWber_absolut NULLABLE NON_REQUIRED #</Process><Process ToolSource="c:\program files (x86)\arcgis\desktop10.1\ArcToolbox\Toolboxes\Data Management Tools.tbx\AddField" Date="20160428" Time="110207">AddField D:\GIS_IT\Wahlen\WEGIS5\WEGIS5Allgemein\GeodatenVorbereitung\Stichtag20160229Gesetz_vg250_20150101.gdb\GeltendesRecht\Wahlkreise AbwWber DOUBLE # # # AbwWber_i_Proz NULLABLE NON_REQUIRED #</Process><Process ToolSource="c:\program files (x86)\arcgis\desktop10.1\ArcToolbox\Toolboxes\Data Management Tools.tbx\AddField" Date="20160428" Time="110208">AddField D:\GIS_IT\Wahlen\WEGIS5\WEGIS5Allgemein\GeodatenVorbereitung\Stichtag20160229Gesetz_vg250_20150101.gdb\GeltendesRecht\Wahlkreise Diff_a DOUBLE # # # Diff_absolut NULLABLE NON_REQUIRED #</Process><Process ToolSource="c:\program files (x86)\arcgis\desktop10.1\ArcToolbox\Toolboxes\Data Management Tools.tbx\AddField" Date="20160428" Time="110208">AddField D:\GIS_IT\Wahlen\WEGIS5\WEGIS5Allgemein\GeodatenVorbereitung\Stichtag20160229Gesetz_vg250_20150101.gdb\GeltendesRecht\Wahlkreise Diff DOUBLE # # # Diff_i_Proz NULLABLE NON_REQUIRED #</Process><Process ToolSource="c:\program files (x86)\arcgis\desktop10.1\ArcToolbox\Toolboxes\Data Management Tools.tbx\CalculateField" Date="20160428" Time="110208">CalculateField D:\GIS_IT\Wahlen\WEGIS5\WEGIS5Allgemein\GeodatenVorbereitung\Stichtag20160229Gesetz_vg250_20150101.gdb\GeltendesRecht\Wahlkreise Abw_a "[SUM_Bev] - 0" VB #</Process><Process ToolSource="c:\program files (x86)\arcgis\desktop10.1\ArcToolbox\Toolboxes\Data Management Tools.tbx\CalculateField" Date="20160428" Time="110209">CalculateField D:\GIS_IT\Wahlen\WEGIS5\WEGIS5Allgemein\GeodatenVorbereitung\Stichtag20160229Gesetz_vg250_20150101.gdb\GeltendesRecht\Wahlkreise AbwWber_a "[SUM_BevWber] - 0" VB #</Process><Process ToolSource="c:\program files (x86)\arcgis\desktop10.1\ArcToolbox\Toolboxes\Data Management Tools.tbx\CalculateField" Date="20160428" Time="110209">CalculateField D:\GIS_IT\Wahlen\WEGIS5\WEGIS5Allgemein\GeodatenVorbereitung\Stichtag20160229Gesetz_vg250_20150101.gdb\GeltendesRecht\Wahlkreise Abw 0 VB #</Process><Process ToolSource="c:\program files (x86)\arcgis\desktop10.1\ArcToolbox\Toolboxes\Data Management Tools.tbx\CalculateField" Date="20160428" Time="110210">CalculateField D:\GIS_IT\Wahlen\WEGIS5\WEGIS5Allgemein\GeodatenVorbereitung\Stichtag20160229Gesetz_vg250_20150101.gdb\GeltendesRecht\Wahlkreise AbwWber 0 VB #</Process><Process ToolSource="c:\program files (x86)\arcgis\desktop10.1\ArcToolbox\Toolboxes\Data Management Tools.tbx\CalculateField" Date="20160428" Time="110210">CalculateField D:\GIS_IT\Wahlen\WEGIS5\WEGIS5Allgemein\GeodatenVorbereitung\Stichtag20160229Gesetz_vg250_20150101.gdb\GeltendesRecht\Wahlkreise Diff_a 0 VB #</Process><Process ToolSource="c:\program files (x86)\arcgis\desktop10.1\ArcToolbox\Toolboxes\Data Management Tools.tbx\CalculateField" Date="20160428" Time="110210">CalculateField D:\GIS_IT\Wahlen\WEGIS5\WEGIS5Allgemein\GeodatenVorbereitung\Stichtag20160229Gesetz_vg250_20150101.gdb\GeltendesRecht\Wahlkreise Diff 0 VB #</Process><Process ToolSource="c:\program files (x86)\arcgis\desktop10.1\ArcToolbox\Toolboxes\Data Management Tools.tbx\CopyFeatures" Date="20160512" Time="094558">CopyFeatures D:\GIS_IT\Wahlen\WEGIS5\WEGIS5Allgemein\GeodatenVorbereitung\Stichtag20160229Gesetz_vg250_20150101.gdb\GeltendesRecht\Wahlkreise D:\GIS_IT\Wahlen\Bundestagswahl2017\Wahlkreiskartenplot\Ausgaben\shp\Wahlkreise.shp # 0 0 0</Process><Process ToolSource="c:\program files (x86)\arcgis\desktop10.1\ArcToolbox\Toolboxes\Data Management Tools.tbx\AddField" Date="20160512" Time="095507">AddField "D:\GIS_IT\Wahlen\Bundestagswahl2017\Wahlkreiskartenplot\Ausgaben\shp\Geometrie_Wahlkreise_19DBT VG250.shp" WKR_NR SHORT # # # # NULLABLE NON_REQUIRED #</Process><Process ToolSource="c:\program files (x86)\arcgis\desktop10.1\ArcToolbox\Toolboxes\Data Management Tools.tbx\AddField" Date="20160512" Time="095507">AddField "D:\GIS_IT\Wahlen\Bundestagswahl2017\Wahlkreiskartenplot\Ausgaben\shp\Geometrie_Wahlkreise_19DBT VG250.shp" WKR_NAME TEXT # # # # NULLABLE NON_REQUIRED #</Process><Process ToolSource="c:\program files (x86)\arcgis\desktop10.1\ArcToolbox\Toolboxes\Data Management Tools.tbx\AddField" Date="20160512" Time="095507">AddField "D:\GIS_IT\Wahlen\Bundestagswahl2017\Wahlkreiskartenplot\Ausgaben\shp\Geometrie_Wahlkreise_19DBT VG250.shp" LAND_NR TEXT # # # # NULLABLE NON_REQUIRED #</Process><Process ToolSource="c:\program files (x86)\arcgis\desktop10.1\ArcToolbox\Toolboxes\Data Management Tools.tbx\AddField" Date="20160512" Time="095507">AddField "D:\GIS_IT\Wahlen\Bundestagswahl2017\Wahlkreiskartenplot\Ausgaben\shp\Geometrie_Wahlkreise_19DBT VG250.shp" LAND_NAME TEXT # # # # NULLABLE NON_REQUIRED #</Process><Process ToolSource="c:\program files (x86)\arcgis\desktop10.1\ArcToolbox\Toolboxes\Data Management Tools.tbx\CalculateField" Date="20160512" Time="095924">CalculateField "D:\GIS_IT\Wahlen\Bundestagswahl2017\Wahlkreiskartenplot\Ausgaben\shp\Geometrie_Wahlkreise_19DBT VG250.shp" WKR_NR [wkr_neu] VB #</Process><Process ToolSource="c:\program files (x86)\arcgis\desktop10.1\ArcToolbox\Toolboxes\Data Management Tools.tbx\CalculateField" Date="20160512" Time="095924">CalculateField "D:\GIS_IT\Wahlen\Bundestagswahl2017\Wahlkreiskartenplot\Ausgaben\shp\Geometrie_Wahlkreise_19DBT VG250.shp" WKR_NAME [FIRST_wkr_] VB #</Process><Process ToolSource="c:\program files (x86)\arcgis\desktop10.1\ArcToolbox\Toolboxes\Data Management Tools.tbx\CalculateField" Date="20160512" Time="095924">CalculateField "D:\GIS_IT\Wahlen\Bundestagswahl2017\Wahlkreiskartenplot\Ausgaben\shp\Geometrie_Wahlkreise_19DBT VG250.shp" LAND_NR [MIN_Land_N] VB #</Process><Process ToolSource="c:\program files (x86)\arcgis\desktop10.1\ArcToolbox\Toolboxes\Data Management Tools.tbx\CalculateField" Date="20160512" Time="112201">CalculateField "Geometrie_Wahlkreise_19DBT VG250" LAND_NAME Schleswig-Holstein VB #</Process><Process ToolSource="c:\program files (x86)\arcgis\desktop10.1\ArcToolbox\Toolboxes\Data Management Tools.tbx\CalculateField" Date="20160512" Time="112236">CalculateField "Geometrie_Wahlkreise_19DBT VG250" LAND_NAME Schleswig-Holstein VB #</Process><Process ToolSource="c:\program files (x86)\arcgis\desktop10.1\ArcToolbox\Toolboxes\Data Management Tools.tbx\CalculateField" Date="20160512" Time="112248">CalculateField "Geometrie_Wahlkreise_19DBT VG250" LAND_NAME "Schleswig-Holstein" VB #</Process><Process ToolSource="c:\program files (x86)\arcgis\desktop10.1\ArcToolbox\Toolboxes\Data Management Tools.tbx\CalculateField" Date="20160512" Time="112337">CalculateField "Geometrie_Wahlkreise_19DBT VG250" LAND_NAME "Hamburg" VB #</Process><Process ToolSource="c:\program files (x86)\arcgis\desktop10.1\ArcToolbox\Toolboxes\Data Management Tools.tbx\CalculateField" Date="20160512" Time="112402">CalculateField "Geometrie_Wahlkreise_19DBT VG250" LAND_NAME "Niedersachsen" VB #</Process><Process ToolSource="c:\program files (x86)\arcgis\desktop10.1\ArcToolbox\Toolboxes\Data Management Tools.tbx\CalculateField" Date="20160512" Time="112421">CalculateField "Geometrie_Wahlkreise_19DBT VG250" LAND_NAME "Bremen" VB #</Process><Process ToolSource="c:\program files (x86)\arcgis\desktop10.1\ArcToolbox\Toolboxes\Data Management Tools.tbx\CalculateField" Date="20160512" Time="112446">CalculateField "Geometrie_Wahlkreise_19DBT VG250" LAND_NAME "Nordrhein-Westfalen" VB #</Process><Process ToolSource="c:\program files (x86)\arcgis\desktop10.1\ArcToolbox\Toolboxes\Data Management Tools.tbx\CalculateField" Date="20160512" Time="112507">CalculateField "Geometrie_Wahlkreise_19DBT VG250" LAND_NAME "Hessen" VB #</Process><Process ToolSource="c:\program files (x86)\arcgis\desktop10.1\ArcToolbox\Toolboxes\Data Management Tools.tbx\CalculateField" Date="20160512" Time="112532">CalculateField "Geometrie_Wahlkreise_19DBT VG250" LAND_NAME "Rheinland-Pfalz" VB #</Process><Process ToolSource="c:\program files (x86)\arcgis\desktop10.1\ArcToolbox\Toolboxes\Data Management Tools.tbx\CalculateField" Date="20160512" Time="112609">CalculateField "Geometrie_Wahlkreise_19DBT VG250" LAND_NAME "Baden-Württemberg" VB #</Process><Process ToolSource="c:\program files (x86)\arcgis\desktop10.1\ArcToolbox\Toolboxes\Data Management Tools.tbx\CalculateField" Date="20160512" Time="112627">CalculateField "Geometrie_Wahlkreise_19DBT VG250" LAND_NAME "Bayern" VB #</Process><Process ToolSource="c:\program files (x86)\arcgis\desktop10.1\ArcToolbox\Toolboxes\Data Management Tools.tbx\CalculateField" Date="20160512" Time="112651">CalculateField "Geometrie_Wahlkreise_19DBT VG250" LAND_NAME "Saarland" VB #</Process><Process ToolSource="c:\program files (x86)\arcgis\desktop10.1\ArcToolbox\Toolboxes\Data Management Tools.tbx\CalculateField" Date="20160512" Time="112717">CalculateField "Geometrie_Wahlkreise_19DBT VG250" LAND_NAME "Berlin" VB #</Process><Process ToolSource="c:\program files (x86)\arcgis\desktop10.1\ArcToolbox\Toolboxes\Data Management Tools.tbx\CalculateField" Date="20160512" Time="112740">CalculateField "Geometrie_Wahlkreise_19DBT VG250" LAND_NAME "Brandenburg" VB #</Process><Process ToolSource="c:\program files (x86)\arcgis\desktop10.1\ArcToolbox\Toolboxes\Data Management Tools.tbx\CalculateField" Date="20160512" Time="112822">CalculateField "Geometrie_Wahlkreise_19DBT VG250" LAND_NAME "Mecklenburg-Vorpommern" VB #</Process><Process ToolSource="c:\program files (x86)\arcgis\desktop10.1\ArcToolbox\Toolboxes\Data Management Tools.tbx\CalculateField" Date="20160512" Time="112846">CalculateField "Geometrie_Wahlkreise_19DBT VG250" LAND_NAME "Sachsen" VB #</Process><Process ToolSource="c:\program files (x86)\arcgis\desktop10.1\ArcToolbox\Toolboxes\Data Management Tools.tbx\CalculateField" Date="20160512" Time="112908">CalculateField "Geometrie_Wahlkreise_19DBT VG250" LAND_NAME "Sachsen-Anhalt" VB #</Process><Process ToolSource="c:\program files (x86)\arcgis\desktop10.1\ArcToolbox\Toolboxes\Data Management Tools.tbx\CalculateField" Date="20160512" Time="112926">CalculateField "Geometrie_Wahlkreise_19DBT VG250" LAND_NAME "Thüringen" VB #</Process><Process ToolSource="c:\program files (x86)\arcgis\desktop10.1\ArcToolbox\Toolboxes\Data Management Tools.tbx\DeleteField" Date="20160512" Time="113201">DeleteField "D:\GIS_IT\Wahlen\Bundestagswahl2017\Wahlkreiskartenplot\Ausgaben\shp\Geometrie_Wahlkreise_19DBT VG250.shp" wkr_neu;MIN_Land_N;FIRST_wkr_;SUM_Bev;SUM_BevWbe;Shape_Leng;Shape_Area;Abw_a;Abw;AbwWber_a;AbwWber;Diff_a;Diff</Process><Process ToolSource="c:\program files (x86)\arcgis\desktop10.1\ArcToolbox\Toolboxes\Data Management Tools.tbx\Project" Date="20160512" Time="114122">Project "D:\GIS_IT\Wahlen\Bundestagswahl2017\Wahlkreiskartenplot\Ausgaben\shp\Geometrie_Wahlkreise_19DBT VG250.shp" D:\GIS_IT\Wahlen\Bundestagswahl2017\Wahlkreiskartenplot\Ausgaben\shp_geo\Geometrie_Wahlkreise_19DBT_VG250_geo.shp GEOGCS['GCS_WGS_1984',DATUM['D_WGS_1984',SPHEROID['WGS_1984',6378137.0,298.257223563]],PRIMEM['Greenwich',0.0],UNIT['Degree',0.0174532925199433],METADATA['World',-180.0,-90.0,180.0,90.0,0.0,0.0174532925199433,0.0,1262]] ETRS_1989_To_WGS_1984 PROJCS['ETRS_1989_UTM_Zone_32N',GEOGCS['GCS_ETRS_1989',DATUM['D_ETRS_1989',SPHEROID['GRS_1980',6378137.0,298.257222101]],PRIMEM['Greenwich',0.0],UNIT['Degree',0.0174532925199433]],PROJECTION['Transverse_Mercator'],PARAMETER['False_Easting',500000.0],PARAMETER['False_Northing',0.0],PARAMETER['Central_Meridian',9.0],PARAMETER['Scale_Factor',0.9996],PARAMETER['Latitude_Of_Origin',0.0],UNIT['Meter',1.0]]</Process></lineage></DataProperties><SyncDate>20160601</SyncDate><SyncTime>14511900</SyncTime><ModDate>20160601</ModDate><ModTime>14511900</ModTime></Esri><dataIdInfo><envirDesc Sync="TRUE">Microsoft Windows Server 2008 R2 Version 6.1 (Build 7601) Service Pack 1; Esri ArcGIS 10.1.1.3143</envirDesc><dataLang><languageCode value="deu" Sync="TRUE"></languageCode><countryCode value="DEU" Sync="TRUE"></countryCode></dataLang><idCitation><resTitle Sync="TRUE">Geometrie_Wahlkreise_19DBT_VG250_geo</resTitle><presForm><PresFormCd value="005" Sync="TRUE"></PresFormCd></presForm></idCitation><spatRpType><SpatRepTypCd value="001" Sync="TRUE"></SpatRepTypCd></spatRpType><dataExt><geoEle><GeoBndBox esriExtentType="search"><exTypeCode Sync="TRUE">1</exTypeCode><westBL Sync="TRUE">5.866250</westBL><eastBL Sync="TRUE">15.041816</eastBL><northBL Sync="TRUE">55.058384</northBL><southBL Sync="TRUE">47.270124</southBL></GeoBndBox></geoEle></dataExt></dataIdInfo><mdLang><languageCode value="deu" Sync="TRUE"></languageCode><countryCode value="DEU" Sync="TRUE"></countryCode></mdLang><mdChar><CharSetCd value="004" Sync="TRUE"></CharSetCd></mdChar><distInfo><distFormat><formatName Sync="TRUE">Shapefile</formatName></distFormat><distTranOps><transSize Sync="TRUE">7.374</transSize></distTranOps></distInfo><mdHrLv><ScopeCd value="005" Sync="TRUE"></ScopeCd></mdHrLv><mdHrLvName Sync="TRUE">dataset</mdHrLvName><refSysInfo><RefSystem><refSysID><identCode code="4326" Sync="TRUE"></identCode><idCodeSpace Sync="TRUE">EPSG</idCodeSpace><idVersion Sync="TRUE">7.11.2</idVersion></refSysID></RefSystem></refSysInfo><spatRepInfo><VectSpatRep><geometObjs Name="Geometrie_Wahlkreise_19DBT_VG250_geo"><geoObjTyp><GeoObjTypCd value="002" Sync="TRUE"></GeoObjTypCd></geoObjTyp><geoObjCnt Sync="TRUE">299</geoObjCnt></geometObjs><topLvl><TopoLevCd value="001" Sync="TRUE"></TopoLevCd></topLvl></VectSpatRep></spatRepInfo><spdoinfo><ptvctinf><esriterm Name="Geometrie_Wahlkreise_19DBT_VG250_geo"><efeatyp Sync="TRUE">Simple</efeatyp><efeageom code="4" Sync="TRUE"></efeageom><esritopo Sync="TRUE">FALSE</esritopo><efeacnt Sync="TRUE">299</efeacnt><spindex Sync="TRUE">TRUE</spindex><linrefer Sync="TRUE">FALSE</linrefer></esriterm></ptvctinf></spdoinfo><eainfo><detailed Name="Geometrie_Wahlkreise_19DBT_VG250_geo"><enttyp><enttypl Sync="TRUE">Geometrie_Wahlkreise_19DBT_VG250_geo</enttypl><enttypt Sync="TRUE">Feature Class</enttypt><enttypc Sync="TRUE">299</enttypc></enttyp><attr><attrlabl Sync="TRUE">FID</attrlabl><attalias Sync="TRUE">FID</attalias><attrtype Sync="TRUE">OID</attrtype><attwidth Sync="TRUE">4</attwidth><atprecis Sync="TRUE">0</atprecis><attscale Sync="TRUE">0</attscale><attrdef Sync="TRUE">Internal feature number.</attrdef><attrdefs Sync="TRUE">Esri</attrdefs><attrdomv><udom Sync="TRUE">Sequential unique whole numbers that are automatically generated.</udom></attrdomv></attr><attr><attrlabl Sync="TRUE">Shape</attrlabl><attalias Sync="TRUE">Shape</attalias><attrtype Sync="TRUE">Geometry</attrtype><attwidth Sync="TRUE">0</attwidth><atprecis Sync="TRUE">0</atprecis><attscale Sync="TRUE">0</attscale><attrdef Sync="TRUE">Feature geometry.</attrdef><attrdefs Sync="TRUE">Esri</attrdefs><attrdomv><udom Sync="TRUE">Coordinates defining the features.</udom></attrdomv></attr><attr><attrlabl Sync="TRUE">WKR_NR</attrlabl><attalias Sync="TRUE">WKR_NR</attalias><attrtype Sync="TRUE">SmallInteger</attrtype><attwidth Sync="TRUE">4</attwidth><atprecis Sync="TRUE">4</atprecis><attscale Sync="TRUE">0</attscale></attr><attr><attrlabl Sync="TRUE">WKR_NAME</attrlabl><attalias Sync="TRUE">WKR_NAME</attalias><attrtype Sync="TRUE">String</attrtype><attwidth Sync="TRUE">254</attwidth><atprecis Sync="TRUE">0</atprecis><attscale Sync="TRUE">0</attscale></attr><attr><attrlabl Sync="TRUE">LAND_NR</attrlabl><attalias Sync="TRUE">LAND_NR</attalias><attrtype Sync="TRUE">String</attrtype><attwidth Sync="TRUE">254</attwidth><atprecis Sync="TRUE">0</atprecis><attscale Sync="TRUE">0</attscale></attr><attr><attrlabl Sync="TRUE">LAND_NAME</attrlabl><attalias Sync="TRUE">LAND_NAME</attalias><attrtype Sync="TRUE">String</attrtype><attwidth Sync="TRUE">254</attwidth><atprecis Sync="TRUE">0</atprecis><attscale Sync="TRUE">0</attscale></attr></detailed></eainfo><mdDateSt Sync="TRUE">20160601</mdDateSt></metadata>
